{
  "assetsByChunkName": {
    "vendors~app-account~app-checkout~app-confirmation~app-order": "chunk.1dec0f8996592874175c.js",
    "vendors~app-account~app-confirmation~app-order": "chunk.7df4009fcf66103cab3e.js",
    "vendors~app-account~app-checkout": "chunk.a97a54ae6051a51983f0.js",
    "vendors~app-cart~app-checkout": "chunk.43e0286e683308036601.js",
    "admin": [
      "admin.baf0ddefd1635e4ab156.js",
      "admin.baf0ddefd1635e4ab156.js.map"
    ],
    "app-account": "chunk.4cbf5b228253f5fa3d1f.js",
    "app-cart": "chunk.cf6fa486273c07f40e6a.js",
    "app-checkout": "chunk.e40754bb5f5ca18ccd2d.js",
    "app-confirmation": "chunk.f4177e9be2c5eda017bb.js",
    "app-order": "chunk.be7bfc1bf19ae77e7c64.js",
    "checkout": [
      "checkout.0d4130ccae9c1d4ae460.js",
      "checkout.0d4130ccae9c1d4ae460.js.map"
    ],
    "storefront": [
      "storefront.acf9478079ea6d359fb9.css",
      "storefront.93ab960ea31db55778de.js",
      "storefront.acf9478079ea6d359fb9.css.map",
      "storefront.93ab960ea31db55778de.js.map"
    ],
    "vendors~app-cart": "chunk.1767a05584a2d9506b6c.js"
  }
}